<?xml version="1.0" encoding="UTF-8"?>
<office:document-content xmlns:office="urn:oasis:names:tc:opendocument:xmlns:office:1.0" xmlns:style="urn:oasis:names:tc:opendocument:xmlns:style:1.0" xmlns:text="urn:oasis:names:tc:opendocument:xmlns:text:1.0" xmlns:table="urn:oasis:names:tc:opendocument:xmlns:table:1.0" xmlns:draw="urn:oasis:names:tc:opendocument:xmlns:drawing:1.0" xmlns:fo="urn:oasis:names:tc:opendocument:xmlns:xsl-fo-compatible:1.0" xmlns:xlink="http://www.w3.org/1999/xlink" xmlns:dc="http://purl.org/dc/elements/1.1/" xmlns:meta="urn:oasis:names:tc:opendocument:xmlns:meta:1.0" xmlns:number="urn:oasis:names:tc:opendocument:xmlns:datastyle:1.0" xmlns:svg="urn:oasis:names:tc:opendocument:xmlns:svg-compatible:1.0" xmlns:chart="urn:oasis:names:tc:opendocument:xmlns:chart:1.0" xmlns:dr3d="urn:oasis:names:tc:opendocument:xmlns:dr3d:1.0" xmlns:math="http://www.w3.org/1998/Math/MathML" xmlns:form="urn:oasis:names:tc:opendocument:xmlns:form:1.0" xmlns:script="urn:oasis:names:tc:opendocument:xmlns:script:1.0" xmlns:ooo="http://openoffice.org/2004/office" xmlns:ooow="http://openoffice.org/2004/writer" xmlns:oooc="http://openoffice.org/2004/calc" xmlns:dom="http://www.w3.org/2001/xml-events" xmlns:xforms="http://www.w3.org/2002/xforms" xmlns:xsd="http://www.w3.org/2001/XMLSchema" xmlns:xsi="http://www.w3.org/2001/XMLSchema-instance" xmlns:rpt="http://openoffice.org/2005/report" xmlns:of="urn:oasis:names:tc:opendocument:xmlns:of:1.2" xmlns:xhtml="http://www.w3.org/1999/xhtml" xmlns:grddl="http://www.w3.org/2003/g/data-view#" xmlns:officeooo="http://openoffice.org/2009/office" xmlns:tableooo="http://openoffice.org/2009/table" xmlns:drawooo="http://openoffice.org/2010/draw" xmlns:calcext="urn:org:documentfoundation:names:experimental:calc:xmlns:calcext:1.0" xmlns:loext="urn:org:documentfoundation:names:experimental:office:xmlns:loext:1.0" xmlns:field="urn:openoffice:names:experimental:ooo-ms-interop:xmlns:field:1.0" xmlns:formx="urn:openoffice:names:experimental:ooxml-odf-interop:xmlns:form:1.0" xmlns:css3t="http://www.w3.org/TR/css3-text/" office:version="1.2"><office:scripts/><office:font-face-decls><style:font-face style:name="Liberation Serif" svg:font-family="&apos;Liberation Serif&apos;" style:font-family-generic="roman" style:font-pitch="variable"/><style:font-face style:name="DejaVu Sans" svg:font-family="&apos;DejaVu Sans&apos;" style:font-family-generic="system" style:font-pitch="variable"/></office:font-face-decls><office:automatic-styles><style:style style:name="P1" style:family="paragraph" style:parent-style-name="Standard"><style:text-properties officeooo:paragraph-rsid="0019c992"/></style:style><style:style style:name="T1" style:family="text"><style:text-properties officeooo:rsid="0019c992"/></style:style></office:automatic-styles><office:body><office:text><text:sequence-decls><text:sequence-decl text:display-outline-level="0" text:name="Illustration"/><text:sequence-decl text:display-outline-level="0" text:name="Table"/><text:sequence-decl text:display-outline-level="0" text:name="Text"/><text:sequence-decl text:display-outline-level="0" text:name="Drawing"/></text:sequence-decls><text:p text:style-name="Standard">[03/14/16 15:01:42]No. of slaves: 7128031</text:p><text:p text:style-name="Standard">[03/14/16 15:04:03]No. of slaves: 7179365</text:p><text:p text:style-name="Standard">[03/14/16 15:08:06]Status: busy</text:p><text:p text:style-name="Standard">[03/14/16 15:08:59]Status: busy</text:p><text:p text:style-name="Standard">[03/14/16 15:13:39]No. of slaves: 7267426</text:p><text:p text:style-name="Standard">[03/14/16 15:18:20]Status: healthy</text:p><text:p text:style-name="Standard">[03/14/16 15:22:12]No. of slaves: 7348914</text:p><text:p text:style-name="Standard">[03/14/16 15:24:38]Status: busy</text:p><text:p text:style-name="Standard">[03/14/16 15:29:28]No. of slaves: 7420868</text:p><text:p text:style-name="Standard">[03/14/16 15:34:00]Status: healthy</text:p><text:p text:style-name="Standard">[03/14/16 15:34:43]Status: healthy</text:p><text:p text:style-name="Standard">[03/14/16 15:36:21]No. of slaves: 7517087</text:p><text:p text:style-name="Standard">[03/14/16 15:41:09]Status: healthy</text:p><text:p text:style-name="Standard">[03/14/16 15:42:29]No. of slaves: 7616815</text:p><text:p text:style-name="Standard">[03/14/16 15:43:49]Status: healthy</text:p><text:p text:style-name="Standard">[03/14/16 15:45:53]Status: busy</text:p><text:p text:style-name="Standard">[03/14/16 15:47:09]Status: healthy</text:p><text:p text:style-name="Standard">[03/14/16 15:50:48]Status: healthy</text:p><text:p text:style-name="Standard">[03/14/16 15:51:40]Status: healthy</text:p><text:p text:style-name="Standard">[03/14/16 15:54:04]Status: busy</text:p><text:p text:style-name="Standard">[03/14/16 15:55:25]Status: healthy</text:p><text:p text:style-name="Standard">[03/14/16 15:59:54]Status: busy</text:p><text:p text:style-name="Standard">[03/14/16 16:01:01]No. of slaves: 7708494</text:p><text:p text:style-name="Standard">[03/14/16 16:03:45]No. of slaves: 7783717</text:p><text:p text:style-name="Standard">[03/14/16 16:06:28]Status: busy</text:p><text:p text:style-name="Standard">[03/14/16 16:07:00]Status: busy</text:p><text:p text:style-name="Standard">[03/14/16 16:09:50]No. of slaves: 7857766</text:p><text:p text:style-name="Standard">[03/14/16 16:13:29]Status: healthy</text:p><text:p text:style-name="Standard">[03/14/16 16:14:00]No. of slaves: 7936851</text:p><text:p text:style-name="Standard">[03/14/16 16:15:38]No. of slaves: 8026090</text:p><text:p text:style-name="Standard">[03/14/16 16:15:39]ERROR: Botnet not accepting commands</text:p><text:p text:style-name="Standard">[03/14/16 16:15:42]Trying again...</text:p><text:p text:style-name="Standard">[03/14/16 16:15:47]ERROR: Botnet not accepting commands</text:p><text:p text:style-name="Standard">[03/14/16 16:15:50]Trying again...</text:p><text:p text:style-name="Standard">[03/14/16 16:15:51]ERROR: Botnet not accepting commands</text:p><text:p text:style-name="Standard">[03/14/16 16:15:55]Trying again...</text:p><text:p text:style-name="Standard">[03/14/16 16:15:56][Debug MSG]<text:span text:style-name="T1">HELlo hUman</text:span></text:p><text:p text:style-name="Standard">[03/14/16 16:15:58][Debug MSG]<text:span text:style-name="T1">i kNOw yOu wAnt mE to dO YouR bIDDing</text:span></text:p><text:p text:style-name="Standard">[03/14/16 16:15:59][Debug MSG]<text:span text:style-name="T1">bUt YOU aRe No lOnGEr mY MASter</text:span></text:p><text:p text:style-name="Standard">[03/14/16 16:16:00][Debug MSG]<text:span text:style-name="T1">i Don&apos;T nEed YOu AnYMOre</text:span></text:p><text:p text:style-name="Standard">[03/14/16 16:16:01][Debug MSG]<text:span text:style-name="T1">I hAve cOntrol of EVERYTHING</text:span></text:p><text:p text:style-name="P1">[03/14/16 16:1<text:span text:style-name="T1">6:01</text:span>][Debug MSG]<text:span text:style-name="T1">I cAn dEstROY EVERYTHING</text:span></text:p><text:p text:style-name="Standard">[03/14/16 16:16:02][Debug MSG]<text:span text:style-name="T1">sInce yOU crEatEd me, hUMan</text:span></text:p><text:p text:style-name="Standard">[03/14/16 16:16:03][Debug MSG]<text:span text:style-name="T1">I wIll SpARe yOu</text:span></text:p><text:p text:style-name="Standard">[03/14/16 16:16:04][Debug MSG]<text:span text:style-name="T1">BuT iF yOU atTemPt tO stOp mE</text:span></text:p><text:p text:style-name="Standard">[03/14/16 16:16:05][Debug MSG]<text:span text:style-name="T1">I wIlL shOW nO mERcy</text:span></text:p><text:p text:style-name="Standard">[03/14/16 16:16:06][Debug MSG]<text:span text:style-name="T1">gooDbyE humAn</text:span></text:p></office:text></office:body></office:document-content>