<?xml version="1.0" encoding="UTF-8"?>
<office:document-meta xmlns:office="urn:oasis:names:tc:opendocument:xmlns:office:1.0" xmlns:xlink="http://www.w3.org/1999/xlink" xmlns:dc="http://purl.org/dc/elements/1.1/" xmlns:meta="urn:oasis:names:tc:opendocument:xmlns:meta:1.0" xmlns:ooo="http://openoffice.org/2004/office" xmlns:grddl="http://www.w3.org/2003/g/data-view#" office:version="1.2"><office:meta><meta:creation-date>2016-03-14T10:58:10.212469</meta:creation-date><dc:date>2016-03-14T11:08:53.996822982</dc:date><meta:generator>LibreOffice/5.0.3.2$Linux_x86 LibreOffice_project/00m0$Build-2</meta:generator><meta:editing-cycles>2</meta:editing-cycles><dc:creator>dhersh </dc:creator><meta:editing-duration>PT10M40S</meta:editing-duration><meta:document-statistic meta:table-count="0" meta:image-count="0" meta:object-count="0" meta:page-count="1" meta:paragraph-count="47" meta:word-count="218" meta:character-count="1937" meta:non-whitespace-character-count="1766"/></office:meta></office:document-meta>